author id,created_at,geo,id,lang,like_count,quote_count,reply_count,retweet_count,source,tweet
872224558383869958,2021-12-24 23:59:59+00:00, ,1474530326546366475,en,0,0,0,29969,Twitter for iPhone,RT @cyankyber: watching the og spider-man thinking of this post https://t.co/V84ORKts5d
1389378526286057474,2021-12-24 23:59:59+00:00, ,1474530325917229061,en,0,0,0,29969,Twitter for Android,RT @cyankyber: watching the og spider-man thinking of this post https://t.co/V84ORKts5d
1281408417782018048,2021-12-24 23:59:59+00:00, ,1474530324168253441,en,0,0,0,340,Twitter for iPhone,RT @therealsupes: Playing Marvel‚Äôs Spider-Man hits so much different after watching #SpiderManNoWayHome
1020441742531842049,2021-12-24 23:59:59+00:00, ,1474530324042371076,en,0,0,0,1962,Twitter for iPhone,RT @UsagiYohimbo10: The ‚ÄúScorsese Vs Marvel‚Äù discourse is neverending and annoying  especially because 1) he wasn‚Äôt that harsh on them 2) h‚Ä¶
2380425654,2021-12-24 23:59:59+00:00, ,1474530323941580801,en,0,0,0,3614,Twitter for Android,RT @BorkEternal: Sam Raimi‚Äôs             Sam Raimi‚Äôs Spider-Man           Doctor Strange https://t.co/D1O2j6V9CV
715896877,2021-12-24 23:59:59+00:00, ,1474530323530719232,en,0,0,0,29969,Twitter for iPhone,RT @cyankyber: watching the og spider-man thinking of this post https://t.co/V84ORKts5d
1459376722244112387,2021-12-24 23:59:59+00:00, ,1474530323027292162,en,5,0,0,0,Twitter for iPhone,Dream likes Spider-Man god we are so alike
1461506807164293125,2021-12-24 23:59:58+00:00, ,1474530320854749188,en,0,0,0,12677,Twitter for iPhone,RT @SMGold_: Spider-Man fans when they see Peter is living paycheck to paycheck  depressed  and at the lowest point in his life with no one‚Ä¶
343244734,2021-12-24 23:59:57+00:00, ,1474530315649626115,en,4,0,0,0,Twitter for iPhone,@itslondonbaby2 Spider-Man 2 or this most recent one üòô
587204559,2021-12-24 23:59:56+00:00, ,1474530313497980929,en,0,0,0,0,Twitter for iPhone,Person who just watched the 18th version of the same Spider-Man movie: ‚Äú Martin Scorsese just keeps making the same movie over and over again‚Äù ü§£
1210373487484948480,2021-12-24 23:59:56+00:00, ,1474530312168292355,en,0,0,0,13351,Twitter for iPhone,RT @Miles8341: ‚Äúspider-man isn‚Äôt bi‚Äù TO YOU. i know him personally
1163030472647159808,2021-12-24 23:59:55+00:00, ,1474530309567827968,en,0,0,0,9041,Twitter for iPhone,RT @modsiwW: Looks based on Spider-Man No Way Home villains :) https://t.co/mbtJkJacEk
911025316402835457,2021-12-24 23:59:55+00:00, ,1474530307768348673,en,0,0,0,12677,Twitter for Android,RT @SMGold_: Spider-Man fans when they see Peter is living paycheck to paycheck  depressed  and at the lowest point in his life with no one‚Ä¶
2591017267,2021-12-24 23:59:55+00:00, ,1474530306849914883,en,0,0,0,9041,Twitter for iPhone,RT @modsiwW: Looks based on Spider-Man No Way Home villains :) https://t.co/mbtJkJacEk
1289582245297164288,2021-12-24 23:59:55+00:00, ,1474530306132693005,en,0,0,0,13351,Twitter Web App,RT @Miles8341: ‚Äúspider-man isn‚Äôt bi‚Äù TO YOU. i know him personally
1284955387620458496,2021-12-24 23:59:54+00:00, ,1474530304828350464,en,0,0,0,29969,Twitter for Android,RT @cyankyber: watching the og spider-man thinking of this post https://t.co/V84ORKts5d
1324275582792691712,2021-12-24 23:59:54+00:00, ,1474530304782004224,en,0,0,0,0,Twitter Web App,HE HAS THE PS5 FOR SPIDER-MAN I CANT TAKE IT ANYMORE /pos
1093462034,2021-12-24 23:59:53+00:00, ,1474530300831178756,en,0,0,0,12677,Twitter for iPhone,RT @SMGold_: Spider-Man fans when they see Peter is living paycheck to paycheck  depressed  and at the lowest point in his life with no one‚Ä¶
2733776410,2021-12-24 23:59:53+00:00, ,1474530299786764292,en,0,0,0,742,Twitter for Android,RT @Cybrid101: WHY HASN‚ÄôT THIS SUIT BEEN ADDED TO SPIDER-MAN PS4/PS5 YET?? @insomniacgames https://t.co/6IjTYFmkz9
91026663,2021-12-24 23:59:53+00:00, ,1474530298792751110,en,0,0,0,11,Twitter for iPhone,RT @PinkNews: Spider-Man's Marisa Tomei begged Marvel to give Aunt May a girlfriend https://t.co/mJs0aBmBni
350930442,2021-12-24 23:59:52+00:00, ,1474530297186340866,en,0,0,0,966,Twitter for iPhone,RT @hpspideywayne: spider-man no way home spoilers . . . . . . This Spider-Man's dark side gives me chills. Tom Holland's acting was outsta‚Ä¶
786640961724088321,2021-12-24 23:59:52+00:00, ,1474530295764377600,en,0,0,0,446,Twitter for Android,RT @barbiesswanlake: this gwen stacy figure with a swappable mary jane head is literally how cishet guys view spider-man love interests htt‚Ä¶
1649273581,2021-12-24 23:59:52+00:00, ,1474530295433121797,en,0,0,0,6253,Twitter for Android,RT @korysverse: the man is literally spider-man
843432676812079108,2021-12-24 23:59:51+00:00, ,1474530292614549505,en,3,0,0,0,Twitter for iPhone,if they add tobey and andrews spider-man to fortnite i will cry and spend every last penny
1422190666793242627,2021-12-24 23:59:51+00:00, ,1474530289368145920,en,0,0,0,9041,Twitter for iPhone,RT @modsiwW: Looks based on Spider-Man No Way Home villains :) https://t.co/mbtJkJacEk
1402778388830556162,2021-12-24 23:59:50+00:00, ,1474530287187116040,en,0,0,0,409,Twitter for iPhone,RT @spideypooldiary: the spider-man and deadpool holiday special üéÑüéÅ https://t.co/WzlyvhSpAh
1195866744469852161,2021-12-24 23:59:49+00:00, ,1474530280832520194,en,0,0,0,9041,Twitter for iPhone,RT @modsiwW: Looks based on Spider-Man No Way Home villains :) https://t.co/mbtJkJacEk
1431400392185712643,2021-12-24 23:59:48+00:00, ,1474530279976931328,en,0,0,0,697,Twitter Web App,RT @spideygifs: Spider-Man 3 https://t.co/X3XrStJUv1
1158601231239188481,2021-12-24 23:59:48+00:00, ,1474530278202769409,en,0,0,0,13351,Twitter for iPhone,RT @Miles8341: ‚Äúspider-man isn‚Äôt bi‚Äù TO YOU. i know him personally
2149066484,2021-12-24 23:59:47+00:00, ,1474530274738200578,en,0,0,0,29969,Twitter for iPhone,RT @cyankyber: watching the og spider-man thinking of this post https://t.co/V84ORKts5d
3064020388,2021-12-24 23:59:47+00:00, ,1474530273194917888,en,0,0,0,29969,Twitter for Android,RT @cyankyber: watching the og spider-man thinking of this post https://t.co/V84ORKts5d
1354989703246852101,2021-12-24 23:59:46+00:00, ,1474530272037249027,en,0,0,0,29969,Twitter for iPhone,RT @cyankyber: watching the og spider-man thinking of this post https://t.co/V84ORKts5d
1328571621502750720,2021-12-24 23:59:46+00:00, ,1474530269663219715,en,1,0,1,0,Twitter for iPhone,dream gonna play spider-man on his ps5 my breath is getting faint
1449189713814884354,2021-12-24 23:59:46+00:00, ,1474530268274851843,en,0,0,0,706,Twitter for Android,RT @38___sr: ready to welcome 2022 with a new adventure  i am so excited (and still in incredible shock) to share that starting in january‚Ä¶
1372799891278233601,2021-12-24 23:59:45+00:00, ,1474530266383368193,en,0,0,0,507,Twitter for iPhone,RT @CarsonRThorn: doodling spider-man https://t.co/BfrHeR2nRc
2288847752,2021-12-24 23:59:45+00:00, ,1474530265632493571,en,0,0,0,706,Twitter for iPhone,RT @38___sr: ready to welcome 2022 with a new adventure  i am so excited (and still in incredible shock) to share that starting in january‚Ä¶
328810471,2021-12-24 23:59:45+00:00, ,1474530264571281408,en,1,0,0,0,Twitter for iPhone,@SamuelGavin I wanna say the establishing shot of his apartment is lifted directly from Spider-Man 2. And for clarity‚Äôs sake  it was the homemade suit that got me jazzed for more of this Spider-Man. It was like they finally understood what makes the best of his stories sing.
883017906,2021-12-24 23:59:44+00:00,67b98f17fdcf20be,1474530262927253505,en,0,0,0,0,Twitter for iPhone,BEST SPIDER-MAN MOVIE HANDS DOWN
814238245286383616,2021-12-24 23:59:44+00:00, ,1474530262511804416,en,0,0,0,8823,Twitter Web App,RT @C4STAMERE: no bc tell me why i was just like ‚Äúwhy do black widow and spider-man have the same pose‚Äù THEYRE ARACHNIDS YOU FOOL
1351737100471824384,2021-12-24 23:59:44+00:00, ,1474530262092587016,en,0,0,0,13351,Twitter for Android,RT @Miles8341: ‚Äúspider-man isn‚Äôt bi‚Äù TO YOU. i know him personally
3358166548,2021-12-24 23:59:44+00:00, ,1474530261484331016,en,0,0,0,25,Twitter for iPhone,RT @awkwardphaser: Maybe I'll name my penis Spider-Man so at least one person will demand more pictures of it.
4782475932,2021-12-24 23:59:44+00:00, ,1474530260548866048,en,0,0,0,8823,Twitter for Android,RT @C4STAMERE: no bc tell me why i was just like ‚Äúwhy do black widow and spider-man have the same pose‚Äù THEYRE ARACHNIDS YOU FOOL
1435034547628957702,2021-12-24 23:59:44+00:00, ,1474530260314120198,en,0,0,0,0,Twitter for iPhone,spider-man was the best play station games of all time
904308695277953029,2021-12-24 23:59:43+00:00, ,1474530257281638403,en,0,0,0,12677,Twitter for iPhone,RT @SMGold_: Spider-Man fans when they see Peter is living paycheck to paycheck  depressed  and at the lowest point in his life with no one‚Ä¶
4145629289,2021-12-24 23:59:43+00:00, ,1474530256929406987,en,0,0,0,29969,Twitter for iPhone,RT @cyankyber: watching the og spider-man thinking of this post https://t.co/V84ORKts5d
801830631701434368,2021-12-24 23:59:43+00:00, ,1474530256845422593,en,0,0,0,3,Twitter for iPhone,RT @AGORAPHOBICSAP: #DREAM: what are you gonna play on the ps5 ? SPIDER-MAN &gt;:) HES SO CUTE IM IN TEARS
2745564437,2021-12-24 23:59:43+00:00, ,1474530256837033984,en,0,0,0,9041,Twitter for iPhone,RT @modsiwW: Looks based on Spider-Man No Way Home villains :) https://t.co/mbtJkJacEk
742176710183899136,2021-12-24 23:59:43+00:00, ,1474530256627257348,en,0,0,0,13351,Twitter for Android,RT @Miles8341: ‚Äúspider-man isn‚Äôt bi‚Äù TO YOU. i know him personally
1217492352023060481,2021-12-24 23:59:43+00:00, ,1474530256069537799,en,0,0,0,656,Twitter for iPhone,RT @Robertvrse: spider-man after getting home idk i didn‚Äôt watch the movie  https://t.co/pZr1qGHN5s
1196288555514941440,2021-12-24 23:59:42+00:00, ,1474530253565353985,en,0,0,0,12677,Twitter for Android,RT @SMGold_: Spider-Man fans when they see Peter is living paycheck to paycheck  depressed  and at the lowest point in his life with no one‚Ä¶
907138981204303872,2021-12-24 23:59:42+00:00, ,1474530253498421248,en,0,0,0,6253,Twitter for iPhone,RT @korysverse: the man is literally spider-man
143130977,2021-12-24 23:59:41+00:00, ,1474530248142299138,en,0,0,0,0,Twitter for iPhone,Finally seeing Spider-Man. Can‚Äôt wait to see my Andrew :((((
881936667308945410,2021-12-24 23:59:40+00:00, ,1474530245394972675,en,0,0,0,9041,Twitter for Android,RT @modsiwW: Looks based on Spider-Man No Way Home villains :) https://t.co/mbtJkJacEk
1250811312340426752,2021-12-24 23:59:40+00:00, ,1474530243411124230,en,0,0,0,9041,Twitter Web App,RT @modsiwW: Looks based on Spider-Man No Way Home villains :) https://t.co/mbtJkJacEk
1231760803541417984,2021-12-24 23:59:39+00:00, ,1474530241909567497,en,0,0,0,9041,Twitter for iPhone,RT @modsiwW: Looks based on Spider-Man No Way Home villains :) https://t.co/mbtJkJacEk
1143732700018171904,2021-12-24 23:59:39+00:00, ,1474530239439011843,en,0,0,0,0,Twitter for iPhone,i need to know which spider-man is dream‚Äôs favorite
798572230754107392,2021-12-24 23:59:39+00:00, ,1474530239082639363,en,0,0,0,2139,Twitter for Android,RT @BrandonDavisBD: Andrew Garfield should continue playing #SpiderMan in Sony's Spider-Man Universe.  Tom Holland should continue to be th‚Ä¶
863087637095120896,2021-12-24 23:59:38+00:00, ,1474530237727789056,en,0,0,0,0,Twitter for iPhone,spider-man dream ü•∞
1339629420026490880,2021-12-24 23:59:38+00:00, ,1474530237098741764,en,0,0,0,4984,Twitter for Android,RT @JDWRudy25: Reminder: this is a real crossfade from the first episode of the '60s Spider-Man cartoon https://t.co/EdwWoEbvdG
397616238,2021-12-24 23:59:38+00:00, ,1474530236989644803,en,3,0,0,0,Twitter for iPhone,SPIDER-MAN WAS SOOOO GOOD THX
1347942974882263041,2021-12-24 23:59:38+00:00, ,1474530236259872768,en,1,0,0,0,Twitter Web App,the spider-man ps game is genuiinely so fucking good  its one of the only one's ive 100% completed
989929546756444161,2021-12-24 23:59:38+00:00, ,1474530234988994567,en,0,0,0,9041,Twitter for Android,RT @modsiwW: Looks based on Spider-Man No Way Home villains :) https://t.co/mbtJkJacEk
995429806849146881,2021-12-24 23:59:38+00:00, ,1474530234615611405,en,0,0,0,7426,Twitter for Android,RT @TheDoctorX11: Sam Raimi after dropping Spider-man 3 https://t.co/QkbgJ4ecnM
2811435406,2021-12-24 23:59:37+00:00, ,1474530233525153798,en,0,0,0,12677,Twitter for iPhone,RT @SMGold_: Spider-Man fans when they see Peter is living paycheck to paycheck  depressed  and at the lowest point in his life with no one‚Ä¶
118061340,2021-12-24 23:59:37+00:00, ,1474530232115757058,en,0,0,0,99,Twitter for Android,RT @Prxm02257484: @BrandonDavisBD Yeah  I'll do you one better.  Spider-Man: kilometres from Home https://t.co/UBXApR16qM
1342193597311946752,2021-12-24 23:59:36+00:00, ,1474530230174121984,en,0,0,0,9041,Twitter for Android,RT @modsiwW: Looks based on Spider-Man No Way Home villains :) https://t.co/mbtJkJacEk
572059357,2021-12-24 23:59:36+00:00, ,1474530227850252293,en,0,0,0,0,Twitter for iPhone,Spider-Man no way home‚Ä¶ was  amazing. üé•  #SpiderManNoWayHome
3098503472,2021-12-24 23:59:36+00:00, ,1474530227682435076,en,0,0,0,12677,Twitter for iPhone,RT @SMGold_: Spider-Man fans when they see Peter is living paycheck to paycheck  depressed  and at the lowest point in his life with no one‚Ä¶
856113708724105216,2021-12-24 23:59:35+00:00, ,1474530225832841217,en,0,0,0,4572,Twitter for iPhone,RT @isuperebba: what a fucking year for marvel - WandaVision - Falcon and the Winter Soldier - Black Widow - Loki - What If - Shang Chi - V‚Ä¶
533184362,2021-12-24 23:59:35+00:00, ,1474530224125755396,en,0,0,0,12677,Twitter for iPhone,RT @SMGold_: Spider-Man fans when they see Peter is living paycheck to paycheck  depressed  and at the lowest point in his life with no one‚Ä¶
861188310894555136,2021-12-24 23:59:35+00:00, ,1474530223593082880,en,0,0,0,6253,Twitter for Android,RT @korysverse: the man is literally spider-man
173227016,2021-12-24 23:59:34+00:00, ,1474530221122412545,en,0,0,0,9041,Twitter for iPhone,RT @modsiwW: Looks based on Spider-Man No Way Home villains :) https://t.co/mbtJkJacEk
1097242223333257227,2021-12-24 23:59:34+00:00, ,1474530217846784008,en,0,0,0,6096,Twitter Web App,RT @garffields: andrew garfield as spider-man you will always be famous! https://t.co/WRXAkhkPFr
1161660596598771715,2021-12-24 23:59:33+00:00, ,1474530217309974530,en,0,0,0,13351,Twitter for iPhone,RT @Miles8341: ‚Äúspider-man isn‚Äôt bi‚Äù TO YOU. i know him personally
391049231,2021-12-24 23:59:33+00:00, ,1474530217188282372,en,0,0,0,12677,Twitter for iPhone,RT @SMGold_: Spider-Man fans when they see Peter is living paycheck to paycheck  depressed  and at the lowest point in his life with no one‚Ä¶
16736628,2021-12-24 23:59:33+00:00, ,1474530214717886473,en,0,0,0,0,Twitter for Android,@neontaster Spiderman No Way Home hit a surprising balance of fan service and a decent story I was afraid it would be Spider-Man 3 all over again
789273638633472001,2021-12-24 23:59:32+00:00, ,1474530213388341252,en,4,0,1,0,Twitter Web App,@DarkTheEnigma Nobody says white Spider-Man. Peter is Spider-man.
1381256102554316800,2021-12-24 23:59:32+00:00, ,1474530211584610308,en,0,0,0,29969,Twitter for Android,RT @cyankyber: watching the og spider-man thinking of this post https://t.co/V84ORKts5d
1428384436941373441,2021-12-24 23:59:32+00:00, ,1474530210976518151,en,0,0,0,2764,Twitter for iPhone,RT @BrandonDavisBD: Spider-Man: Miles From Home
777079460,2021-12-24 23:59:32+00:00, ,1474530210364198917,en,0,0,0,29969,Twitter for iPhone,RT @cyankyber: watching the og spider-man thinking of this post https://t.co/V84ORKts5d
1170121274615574529,2021-12-24 23:59:31+00:00, ,1474530209240080384,en,1,0,0,0,Twitter for Android,i don't want i NEED a Spider-Man PS4 dream playthrough
287960212,2021-12-24 23:59:31+00:00, ,1474530208929787906,en,0,0,0,0,Twitter for iPhone,I really REALLY hate y‚Äôall and these damn Spider-Man spoilers
1179916765654069248,2021-12-24 23:59:31+00:00, ,1474530208866881536,en,0,0,0,29969,Twitter for iPhone,RT @cyankyber: watching the og spider-man thinking of this post https://t.co/V84ORKts5d
750017058,2021-12-24 23:59:30+00:00, ,1474530201115713537,en,0,0,0,8823,Twitter for iPhone,RT @C4STAMERE: no bc tell me why i was just like ‚Äúwhy do black widow and spider-man have the same pose‚Äù THEYRE ARACHNIDS YOU FOOL
364664350,2021-12-24 23:59:30+00:00,10045f6eef169000,1474530201006657536,en,8,0,2,0,Twitter for iPhone,Spending the holidays alone BUT IM FINALLY ABOUT TO WATCH SPIDER-MAN LFGGGGG
955033574784274432,2021-12-24 23:59:29+00:00, ,1474530200084000771,en,0,0,0,1293,Twitter Web App,RT @ursRockrider: Evolution of @TomHolland1996 Spider-Man in the MCU!   Presenting my new poster work on this special day  by only using @i‚Ä¶
4864501036,2021-12-24 23:59:29+00:00, ,1474530197307330560,en,0,0,0,29969,Twitter for Android,RT @cyankyber: watching the og spider-man thinking of this post https://t.co/V84ORKts5d
1280325557360758785,2021-12-24 23:59:28+00:00, ,1474530194513805316,en,0,0,0,456,Twitter Web App,RT @m_giacchino: Wow! This is fantastic! Thank you and  long live Spider-Man!  @SpiderMan @MarvelStudios
1330966568553959430,2021-12-24 23:59:28+00:00, ,1474530193867902977,en,1,0,0,0,Twitter for iPhone,i cant believe i‚Äôm really gonna finish the tobey spider-man trilogy today ????? woah????
1324428743906107393,2021-12-24 23:59:28+00:00, ,1474530192731389959,en,0,0,0,3,Twitter for iPhone,RT @AGORAPHOBICSAP: #DREAM: what are you gonna play on the ps5 ? SPIDER-MAN &gt;:) HES SO CUTE IM IN TEARS
4707323660,2021-12-24 23:59:27+00:00, ,1474530191817031682,en,0,0,0,4984,Twitter for Android,RT @JDWRudy25: Reminder: this is a real crossfade from the first episode of the '60s Spider-Man cartoon https://t.co/EdwWoEbvdG
1255191181497176069,2021-12-24 23:59:27+00:00, ,1474530191221444617,en,0,0,0,13351,Twitter for Android,RT @Miles8341: ‚Äúspider-man isn‚Äôt bi‚Äù TO YOU. i know him personally
1434983441662099459,2021-12-24 23:59:27+00:00, ,1474530190315474946,en,3,0,0,0,Twitter for iPhone,this is still possibly the worst live action design for a spider-man villain ever it‚Äôs so bad https://t.co/eS2tbiBm5B
1380699528718860290,2021-12-24 23:59:26+00:00, ,1474530184590245906,en,14,0,2,0,Twitter for iPhone,Spider-Man  got your answer now Tripi  it wasn‚Äôt minecraft after all https://t.co/JpCWPKy4Ch
1242979265089429505,2021-12-24 23:59:25+00:00, ,1474530180488126471,en,0,0,0,9041,Twitter for iPhone,RT @modsiwW: Looks based on Spider-Man No Way Home villains :) https://t.co/mbtJkJacEk
742193010197155840,2021-12-24 23:59:24+00:00, ,1474530179531743237,en,0,0,0,12677,Twitter for iPhone,RT @SMGold_: Spider-Man fans when they see Peter is living paycheck to paycheck  depressed  and at the lowest point in his life with no one‚Ä¶
1411898970591449088,2021-12-24 23:59:24+00:00, ,1474530179062149120,en,0,0,0,0,Twitter for iPhone,IM LITERALLY PLAYING SPIDER-MAN RN. PROOF THE WORLD REVOLVES AROUND ME. https://t.co/cUwz6Py48Q
884786098806939649,2021-12-24 23:59:24+00:00, ,1474530178302885888,en,0,0,0,13351,Twitter for Android,RT @Miles8341: ‚Äúspider-man isn‚Äôt bi‚Äù TO YOU. i know him personally
705165813083463680,2021-12-24 23:59:24+00:00, ,1474530175958220800,en,0,0,0,13351,Twitter for Android,RT @Miles8341: ‚Äúspider-man isn‚Äôt bi‚Äù TO YOU. i know him personally
866005458733203456,2021-12-24 23:59:23+00:00, ,1474530172862935043,en,0,0,0,646,Twitter Web App,RT @_MercyWest_: For context  Disney sued a fucking nursery school for having some princess murals &amp; demanded a grieving family remove Spid‚Ä¶
1286390542381834242,2021-12-24 23:59:22+00:00, ,1474530170866388996,en,0,0,0,8823,Twitter for iPhone,RT @C4STAMERE: no bc tell me why i was just like ‚Äúwhy do black widow and spider-man have the same pose‚Äù THEYRE ARACHNIDS YOU FOOL
1119650441006968832,2021-12-24 23:59:22+00:00, ,1474530170673700866,en,0,0,0,9041,Twitter for Android,RT @modsiwW: Looks based on Spider-Man No Way Home villains :) https://t.co/mbtJkJacEk
449568543,2021-12-24 23:59:22+00:00,010dae47174bbe15,1474530169339719680,en,23,0,0,14,Twitter for iPhone,Spider-Man 4: Boi Ain‚Äôt No Way Boi
3223715594,2021-12-24 23:59:22+00:00, ,1474530167359868931,en,0,0,0,7426,Twitter for iPhone,RT @TheDoctorX11: Sam Raimi after dropping Spider-man 3 https://t.co/QkbgJ4ecnM
926043448427405317,2021-12-24 23:59:21+00:00, ,1474530166105944067,en,0,0,0,4984,Twitter Web App,RT @JDWRudy25: Reminder: this is a real crossfade from the first episode of the '60s Spider-Man cartoon https://t.co/EdwWoEbvdG
1658892300,2021-12-24 23:59:20+00:00, ,1474530162058350593,en,0,0,0,2764,Twitter for Android,RT @BrandonDavisBD: Spider-Man: Miles From Home
1070844952668721153,2021-12-24 23:59:20+00:00, ,1474530161743777794,en,1,0,0,0,Twitter for iPhone,for this christmas i‚Äôm just marathoning spider-man the animated series
2297789618,2021-12-24 23:59:20+00:00, ,1474530160632160256,en,0,0,0,706,Twitter for Android,RT @38___sr: ready to welcome 2022 with a new adventure  i am so excited (and still in incredible shock) to share that starting in january‚Ä¶
1193651393447497737,2021-12-24 23:59:20+00:00, ,1474530159344721923,en,2,0,0,0,Twitter for iPhone,chat: what do you wanna play on ps5 #dream: spider-man ! idk the way he said it /pos
1266104793820532738,2021-12-24 23:59:19+00:00, ,1474530157646028803,en,0,0,0,2139,Twitter for Android,RT @BrandonDavisBD: Andrew Garfield should continue playing #SpiderMan in Sony's Spider-Man Universe.  Tom Holland should continue to be th‚Ä¶
626302707,2021-12-24 23:59:18+00:00, ,1474530151664959492,en,0,0,0,9041,Twitter for iPhone,RT @modsiwW: Looks based on Spider-Man No Way Home villains :) https://t.co/mbtJkJacEk
1339016088638484480,2021-12-24 23:59:17+00:00, ,1474530150356119552,en,0,0,0,187,Twitter for Android,RT @serinide: anyways  did you watch spider-man yet? üï∑ https://t.co/auynjj7gd5
3222542267,2021-12-24 23:59:17+00:00, ,1474530146933788678,en,0,0,0,12677,Twitter for iPhone,RT @SMGold_: Spider-Man fans when they see Peter is living paycheck to paycheck  depressed  and at the lowest point in his life with no one‚Ä¶
80176949,2021-12-24 23:59:16+00:00, ,1474530144580775938,en,0,0,0,8823,Twitter for iPhone,RT @C4STAMERE: no bc tell me why i was just like ‚Äúwhy do black widow and spider-man have the same pose‚Äù THEYRE ARACHNIDS YOU FOOL
1472260226107813891,2021-12-24 23:59:16+00:00, ,1474530142341013505,en,0,0,0,0,Twitter for iPhone,if he doesn‚Äôt stream playing spider-man i will drag him by his boy band hair and that‚Äôs a promise.
1268372270994595840,2021-12-24 23:59:15+00:00, ,1474530140281520133,en,0,0,0,0,Twitter for Android,@FortniteGame if there's one I want for Christmas is this Spider-Man but if it's gone before I get it then I'll never buy anything from the item shop https://t.co/I4bNZnDwIJ
1392874414266519561,2021-12-24 23:59:15+00:00, ,1474530139727872003,en,1,0,0,0,Twitter for iPhone,I‚Äôm going to play Spider-Man soon too dream
3428901209,2021-12-24 23:59:14+00:00, ,1474530136041168897,en,0,0,0,486,Twitter for iPhone,"RT @IGN: Via @THR  Sony and Marvel are planning a push to get Spider-Man: No Way Home a Best Picture Oscar nomination. Tom Holland added  ""‚Ä¶"
1378790274160283659,2021-12-24 23:59:14+00:00, ,1474530135013531652,en,1,0,0,0,Twitter for iPhone,but wtf are you gonna do with a ps5 üò≠ just spider-man ü§®
792848807192956928,2021-12-24 23:59:14+00:00, ,1474530133985972230,en,0,0,0,13351,Twitter for iPhone,RT @Miles8341: ‚Äúspider-man isn‚Äôt bi‚Äù TO YOU. i know him personally
1385857624264957954,2021-12-24 23:59:13+00:00, ,1474530133549670404,en,0,0,0,3,Twitter for iPhone,RT @AGORAPHOBICSAP: #DREAM: what are you gonna play on the ps5 ? SPIDER-MAN &gt;:) HES SO CUTE IM IN TEARS
1312430698272350210,2021-12-24 23:59:13+00:00, ,1474530132249489418,en,0,0,0,154,Twitter for iPhone,RT @SpiderMan3news: Target Exclusive spider-man no way home blu-ray+dvd+digital pack that comes with fan art cards https://t.co/30cPBAbxO5
1373328305282236420,2021-12-24 23:59:13+00:00, ,1474530131393888265,en,0,0,0,0,Twitter for iPhone,Dream is excited to play the newest Spider-Man game :D
1262365651907330050,2021-12-24 23:59:13+00:00, ,1474530129846091782,en,0,0,0,446,Twitter for iPhone,RT @barbiesswanlake: this gwen stacy figure with a swappable mary jane head is literally how cishet guys view spider-man love interests htt‚Ä¶
400852098,2021-12-24 23:59:11+00:00, ,1474530125333110785,en,0,0,0,8823,Twitter for iPhone,RT @C4STAMERE: no bc tell me why i was just like ‚Äúwhy do black widow and spider-man have the same pose‚Äù THEYRE ARACHNIDS YOU FOOL
1227092881669808129,2021-12-24 23:59:11+00:00, ,1474530125303717890,en,0,0,0,3057,Twitter for iPhone,RT @05_Cyan: Andrew really captures the voice and essence that I think of when I think of Spider-man.
45690969,2021-12-24 23:59:11+00:00, ,1474530122501967884,en,0,0,0,159,Twitter for Android,RT @DEADLINE: ‚ÄòSpider-Man: No Way Home‚Äô Clears $385M+ First Week U.S. Box Office  3rd Best Of All-Time; $1B WW Inevitable ‚Äì Friday AM¬†Updat‚Ä¶
1204251959747842049,2021-12-24 23:59:11+00:00, ,1474530121239379973,en,0,0,0,0,Twitter for iPhone,@SpiderMan3news It‚Äôs so perfect I can‚Äôt wait to see it in action in Spider-Man 4
373079510,2021-12-24 23:59:10+00:00, ,1474530120811659271,en,0,0,0,0,Twitter Web App,#MCU #SpiderManNoWayHome was awesomely  amazingly spectacular film I've ever seen. Exploring multiple alternate universes of different Spider-Men especially the ones rerising the roles previously from Sam Raimi's Spider-Man films and Marc Webb's The Amazing Spider-Man films.
44945797,2021-12-24 23:59:10+00:00, ,1474530120203440129,en,0,0,0,29969,Twitter for iPhone,RT @cyankyber: watching the og spider-man thinking of this post https://t.co/V84ORKts5d
2879506471,2021-12-24 23:59:10+00:00, ,1474530120136216576,en,4,1,0,0,Twitter for iPhone,I KNEW HE WAS GOING TO PLAY SPIDER-MAN ITS SO GOOD ON PS4 aND ITLL BE EVEN BETTER ON PS5
1373426188639686660,2021-12-24 23:59:10+00:00, ,1474530120048295947,en,0,0,0,29969,Twitter for iPhone,RT @cyankyber: watching the og spider-man thinking of this post https://t.co/V84ORKts5d
1335361973907763202,2021-12-24 23:59:10+00:00, ,1474530119381311498,en,0,0,0,0,Twitter for iPhone,HE WANTS TO PLAY SPIDER-MAN GUVE HIM THE GAME RIGHT NOW
1144665854220656642,2021-12-24 23:59:10+00:00, ,1474530118534148098,en,1,0,0,0,Twitter for iPhone,Dream I‚Äôm actually begging you to stream playing Spider-Man
1353516674096443392,2021-12-24 23:59:09+00:00, ,1474530117019910146,en,0,0,0,0,Twitter for iPhone,Yeees I knew he was gonna play Spider-Man
1286070630262030336,2021-12-24 23:59:09+00:00, ,1474530116281638912,en,0,0,0,0,Twitter for iPhone,YESSS SPIDER-MAN LETS GOOO
1378512443576627202,2021-12-24 23:59:08+00:00, ,1474530111730896896,en,0,0,1,0,Twitter for iPhone,@Carbon1King @SurprisedSpike @icuresident @WithTheBats @korysverse Yeah as far as I remember his whole deal with Tobey‚Äôs Spider-Man was resolved
1234120012299997188,2021-12-24 23:59:08+00:00, ,1474530111030452233,en,18,0,0,1,Twitter for iPhone,‚Äúwhat game are you gonna play on the ps5?‚Äù ‚Äúspider-man :D‚Äù he‚Äôs so cute
2813991271,2021-12-24 23:59:08+00:00, ,1474530110434951173,en,0,0,0,0,Twitter for iPhone,I want Tom Holland to talk about playing Spider-Man the way the ‚Äò08 Celtics talk about themselves
800249554767474690,2021-12-24 23:59:08+00:00, ,1474530109407305732,en,0,0,0,8823,Twitter for iPhone,RT @C4STAMERE: no bc tell me why i was just like ‚Äúwhy do black widow and spider-man have the same pose‚Äù THEYRE ARACHNIDS YOU FOOL
2760287480,2021-12-24 23:59:08+00:00, ,1474530108866273280,en,0,0,0,0,Twitter for iPhone,dream playing the ps5 spider-man aka the best spider-man YUUUPPP
1444320177517219843,2021-12-24 23:59:08+00:00, ,1474530108761264131,en,0,0,0,9041,Twitter for iPhone,RT @modsiwW: Looks based on Spider-Man No Way Home villains :) https://t.co/mbtJkJacEk
5698952,2021-12-24 23:59:07+00:00, ,1474530107964342273,en,1,0,0,0,Twitter Web App,Well  it's been a week... I can now say I really liked the new Spider-Man movie. Hopefully those who are planning on seeing it will enjoy it as well. I was going to do my best to not spoiler it. But yes  it was a fun watch.
2837009460,2021-12-24 23:59:07+00:00, ,1474530107876388868,en,0,0,0,1405,Twitter for iPhone,RT @spideygifs: The Amazing Spider-Man 2 https://t.co/optIho0s4q
1249227350228619266,2021-12-24 23:59:07+00:00, ,1474530105405833217,en,2,0,0,0,Twitter for iPhone,PS SPIDER-MAN IS SO GOOD
1176254833352773633,2021-12-24 23:59:07+00:00, ,1474530105376399364,en,0,0,0,12677,Twitter for iPhone,RT @SMGold_: Spider-Man fans when they see Peter is living paycheck to paycheck  depressed  and at the lowest point in his life with no one‚Ä¶
1320819567225196544,2021-12-24 23:59:07+00:00, ,1474530104592248839,en,0,0,0,29969,Twitter for iPhone,RT @cyankyber: watching the og spider-man thinking of this post https://t.co/V84ORKts5d
3196856569,2021-12-24 23:59:06+00:00, ,1474530103736426500,en,0,0,0,0,Twitter for iPhone,Yes lord! I want it! The amazing Spider-man 3 please! https://t.co/Z1MyvRsgit
1430948285251035143,2021-12-24 23:59:06+00:00, ,1474530102461579269,en,0,0,0,446,Twitter for Android,RT @barbiesswanlake: this gwen stacy figure with a swappable mary jane head is literally how cishet guys view spider-man love interests htt‚Ä¶
851482550228975616,2021-12-24 23:59:06+00:00, ,1474530100683104256,en,0,0,0,2764,Twitter for iPhone,RT @BrandonDavisBD: Spider-Man: Miles From Home
2726033181,2021-12-24 23:59:05+00:00, ,1474530097478750215,en,0,0,0,13351,Twitter for iPhone,RT @Miles8341: ‚Äúspider-man isn‚Äôt bi‚Äù TO YOU. i know him personally
1138570655929163776,2021-12-24 23:59:05+00:00, ,1474530097281613824,en,0,0,0,13351,Twitter for iPhone,RT @Miles8341: ‚Äúspider-man isn‚Äôt bi‚Äù TO YOU. i know him personally
1132397309369700353,2021-12-24 23:59:05+00:00, ,1474530096610480129,en,0,0,0,0,Twitter for iPhone,‚Äúspider-man :D‚Äù  he‚Äôs so cute stop
42499983,2021-12-24 23:59:04+00:00, ,1474530095629053952,en,5,0,2,0,Twitter Web App,Tomorrow  25th = last day Belgium cinemas are open for foreseeable future. Idly checked multiplex site &amp; found SOLD OUT slapped over half tomorrow's SPIDER-MAN: NWH screenings. First time I've seen a film SOLD OUT like that in advance. So  a good way to share the gift of omicron.
1362207473751441410,2021-12-24 23:59:04+00:00, ,1474530095587119104,en,2,0,1,0,Twitter for iPhone,he wants to play spider-man dream ü•∫üò≠
27445073,2021-12-24 23:59:04+00:00, ,1474530095234695170,en,0,0,0,12677,Twitter for iPhone,RT @SMGold_: Spider-Man fans when they see Peter is living paycheck to paycheck  depressed  and at the lowest point in his life with no one‚Ä¶
1375186180765978624,2021-12-24 23:59:04+00:00, ,1474530094689533952,en,0,0,0,0,Twitter for iPhone,I have seen Spider-Man no way home in theaters 2 times now and about to go for a 3rd time  I love this movie so much
1303541343768268801,2021-12-24 23:59:04+00:00, ,1474530093124968449,en,0,0,0,0,Twitter for iPhone,Yas Spider-Man is so fun
1461237358070841344,2021-12-24 23:59:03+00:00, ,1474530088146374659,en,0,0,0,23,Twitter for Android,RT @JessZane4realz: Spending some time in Santa Ana. We were hoping to see the new Spider-Man movie  but we were denied. Oh well. https://t‚Ä¶
167612849,2021-12-24 23:59:02+00:00, ,1474530087479517185,en,0,0,0,1,Twitter for iPhone,RT @Ieahmariah: vlog| spider-man no way home  take pictures with us + bake cupcakes with us https://t.co/8uzn9YtmRQ  go check out my new vl‚Ä¶
1366888584574337025,2021-12-24 23:59:02+00:00, ,1474530086833512448,en,0,0,1,0,Twitter for iPhone,Aww he wants to play the Spider-Man on the PS5  our little gamer
1120083458091560960,2021-12-24 23:59:02+00:00, ,1474530085273096192,en,0,0,0,700,Twitter for iPhone,RT @parkerlucks: Andrew's Spider-Man is the best Spider-Man because he's the only one who apologized for being white
1666091094,2021-12-24 23:59:01+00:00, ,1474530083423461376,en,0,0,0,0,Twitter for iPhone,I‚Äôm here for the chaos if Spider-Man wins https://t.co/pIRV4fEIEC
816068491,2021-12-24 23:59:01+00:00, ,1474530083234889730,en,0,0,0,409,Twitter Web App,RT @spideypooldiary: the spider-man and deadpool holiday special üéÑüéÅ https://t.co/WzlyvhSpAh
347851370,2021-12-24 23:59:01+00:00, ,1474530083041853443,en,0,0,0,6253,Twitter for iPhone,RT @korysverse: the man is literally spider-man
1388922794830925827,2021-12-24 23:59:00+00:00, ,1474530078172270600,en,0,0,0,697,Twitter for iPhone,RT @spideygifs: Spider-Man 3 https://t.co/X3XrStJUv1
1473816451446456321,2021-12-24 23:59:00+00:00, ,1474530076112965642,en,0,0,0,2139,Twitter for iPhone,RT @BrandonDavisBD: Andrew Garfield should continue playing #SpiderMan in Sony's Spider-Man Universe.  Tom Holland should continue to be th‚Ä¶
1234540344,2021-12-24 23:58:59+00:00, ,1474530074397491204,en,0,0,0,12677,Twitter for iPhone,RT @SMGold_: Spider-Man fans when they see Peter is living paycheck to paycheck  depressed  and at the lowest point in his life with no one‚Ä¶
1129184719134953473,2021-12-24 23:58:59+00:00, ,1474530071864131584,en,11,0,0,3,Twitter for iPhone,#DREAM: what are you gonna play on the ps5 ? SPIDER-MAN &gt;:) HES SO CUTE IM IN TEARS
876535379070861312,2021-12-24 23:58:59+00:00, ,1474530071083843588,en,4,0,1,0,Twitter for iPhone,DREAM WANTS TO PLAY SPIDER-MAN IM SO IN LOVE WITH THIS MAN
6987882,2021-12-24 23:58:58+00:00, ,1474530069276020737,en,0,0,0,0,Prof. Shanku,‚ÄòSpider-Man: No Way Home‚Äô Download Installs Cryptominer https://t.co/bP1Zct844P
2837009460,2021-12-24 23:58:58+00:00, ,1474530068290539520,en,0,0,0,8823,Twitter for iPhone,RT @C4STAMERE: no bc tell me why i was just like ‚Äúwhy do black widow and spider-man have the same pose‚Äù THEYRE ARACHNIDS YOU FOOL
2723937145,2021-12-24 23:58:57+00:00, ,1474530063504740353,en,0,0,0,29969,Twitter for iPhone,RT @cyankyber: watching the og spider-man thinking of this post https://t.co/V84ORKts5d
1328571621502750720,2021-12-24 23:58:57+00:00, ,1474530062770790401,en,0,0,0,0,Twitter for iPhone,YES SPIDER-MAN WAS ON GAME CUBE THAT WAS MY FAVORITE
1148047349643710464,2021-12-24 23:58:56+00:00, ,1474530061957009415,en,1,0,0,0,Twitter for iPhone,omg spider-man for the ps5 you lucky bastard
14092228,2021-12-24 23:58:56+00:00, ,1474530060812132358,en,0,0,0,3057,Twitter for iPhone,RT @05_Cyan: Andrew really captures the voice and essence that I think of when I think of Spider-man.
2752185902,2021-12-24 23:58:56+00:00, ,1474530059499233281,en,0,0,0,216,Twitter for iPhone,RT @CoolComicArt: Spider-Man villains by Mike Mignola @artofmmignola https://t.co/XxBfv2bJwu
1433576045635112963,2021-12-24 23:58:56+00:00, ,1474530058807263244,en,4,0,0,0,Twitter for iPhone,speaking of spider-man  look at the drawing i did today :D https://t.co/G0GEvUcwfm
1341911077731278848,2021-12-24 23:58:55+00:00, ,1474530057766854657,en,0,0,0,8823,Twitter for Android,RT @C4STAMERE: no bc tell me why i was just like ‚Äúwhy do black widow and spider-man have the same pose‚Äù THEYRE ARACHNIDS YOU FOOL
1329644395348570113,2021-12-24 23:58:55+00:00, ,1474530056768614401,en,0,0,0,1962,Twitter for Android,RT @UsagiYohimbo10: The ‚ÄúScorsese Vs Marvel‚Äù discourse is neverending and annoying  especially because 1) he wasn‚Äôt that harsh on them 2) h‚Ä¶
1423556316623036416,2021-12-24 23:58:55+00:00, ,1474530056097591299,en,2,0,0,0,Twitter for iPhone,dream wants to play spider-man on the ps5? STREAM IT
1370035936860512256,2021-12-24 23:58:55+00:00, ,1474530055435034624,en,0,0,1,0,Twitter for iPhone,omg he want to play spider-man such a good game
2920677012,2021-12-24 23:58:55+00:00, ,1474530054969466887,en,0,0,0,13351,Twitter for Android,RT @Miles8341: ‚Äúspider-man isn‚Äôt bi‚Äù TO YOU. i know him personally
2180347551,2021-12-24 23:58:55+00:00, ,1474530054956797952,en,0,0,0,8823,Twitter for iPhone,RT @C4STAMERE: no bc tell me why i was just like ‚Äúwhy do black widow and spider-man have the same pose‚Äù THEYRE ARACHNIDS YOU FOOL
1245737227218345984,2021-12-24 23:58:55+00:00, ,1474530054193364992,en,47,0,6,0,Twitter for iPhone,Spider-Man No Way Home was way too good‚Ä¶ haven‚Äôt shed a tear whilst watching a movie before this one.
350930442,2021-12-24 23:58:54+00:00, ,1474530053501370372,en,0,0,0,1824,Twitter for iPhone,RT @weborbewebbed: Spider-Man 2 (2004) | Spider-Man: No Way Home (2021) #SpiderManNoWayHome https://t.co/1HcSbic4fS
1225473986668060674,2021-12-24 23:58:54+00:00, ,1474530052691742721,en,4,0,0,0,Twitter for iPhone,YEAH DREAM SPIDER-MAN FOR THE PS IS SO FUCKING GOOD
2798447166,2021-12-24 23:58:54+00:00, ,1474530050418561030,en,0,0,0,706,Twitter for Android,RT @38___sr: ready to welcome 2022 with a new adventure  i am so excited (and still in incredible shock) to share that starting in january‚Ä¶
3656102309,2021-12-24 23:58:54+00:00, ,1474530050414465029,en,0,0,0,12677,Twitter for Android,RT @SMGold_: Spider-Man fans when they see Peter is living paycheck to paycheck  depressed  and at the lowest point in his life with no one‚Ä¶
991814702,2021-12-24 23:58:53+00:00, ,1474530049588346882,en,0,0,0,19,Twitter Web App,RT @X_KrysJ: Me dodging Spider-Man spoilers online till I watch it after Christmas üò≠ https://t.co/K67PqL8e4f
827689742061940736,2021-12-24 23:58:53+00:00, ,1474530049021947907,en,0,0,0,0,Twitter for iPhone,sony amazing spider-man clone saga WHEN
103312589,2021-12-24 23:58:53+00:00, ,1474530047230767104,en,0,0,0,30,Twitter for Android,RT @imnotracistfr: Why does Spider-Man‚Äôs calendar only have 11 months?   Because the Green Goblin KILLED AUNT MAY
1157290148,2021-12-24 23:58:53+00:00, ,1474530046534631425,en,3,0,1,0,Twitter for iPhone,Own that stupid boomer MY SPIDER-MAN https://t.co/mgie95w8ki
1286581566185959425,2021-12-24 23:58:53+00:00, ,1474530046299676675,en,1,0,0,0,Twitter for iPhone,YESSS HES GONNA PLAY SPIDER-MAN ON HIS PS5
1459842822325035009,2021-12-24 23:58:53+00:00, ,1474530046291369985,en,0,0,0,3556,Twitter for iPhone,RT @MCU_Source: High quality stills of the Spider-Man‚Äôs from #SpiderManNoWayHome have been released: https://t.co/PgXeteR5Q2
1295280754532978688,2021-12-24 23:58:52+00:00, ,1474530045670604802,en,0,0,0,6522,Twitter Web App,RT @WithChrisNKeith: This moment from the Spider-Man show always gets me üò≠ https://t.co/92Kbl7rA8a
1332779892895854592,2021-12-24 23:58:52+00:00, ,1474530045297410049,en,0,0,1,0,Twitter for iPhone,HES GONNA PLAY SPIDER-MAN YAAAAAAA
439447748,2021-12-24 23:58:52+00:00, ,1474530044756340736,en,0,0,0,196,Twitter for iPhone,"RT @KweenJosie: Tom Holland invited Bridger Walker  the boy who saved his little sister from a dog attack  to the set of "" Spider-Man: No W‚Ä¶"
4847996180,2021-12-24 23:58:52+00:00, ,1474530044189966337,en,0,0,0,646,Twitter for iPhone,RT @_MercyWest_: For context  Disney sued a fucking nursery school for having some princess murals &amp; demanded a grieving family remove Spid‚Ä¶
1496297563,2021-12-24 23:58:52+00:00, ,1474530041656659974,en,0,0,0,29969,Twitter for iPhone,RT @cyankyber: watching the og spider-man thinking of this post https://t.co/V84ORKts5d
1420496334272991237,2021-12-24 23:58:51+00:00, ,1474530040876609537,en,0,0,0,0,Twitter for iPhone,HE WANTS TO PLAY SPIDER-MAN ON THE PS5 LETSS GOOO
1283594043990081540,2021-12-24 23:58:51+00:00, ,1474530038703874049,en,0,0,0,8823,Twitter for Android,RT @C4STAMERE: no bc tell me why i was just like ‚Äúwhy do black widow and spider-man have the same pose‚Äù THEYRE ARACHNIDS YOU FOOL
965825674761170944,2021-12-24 23:58:50+00:00, ,1474530034484453378,en,0,0,0,49,Twitter for Android,RT @SpiderMan3news: More spider-man no way home socks https://t.co/54FCBVrFew
1243341016322568192,2021-12-24 23:58:50+00:00, ,1474530034333282304,en,93,0,0,0,Twitter for iPhone,DREAM SPIDER-MAN MENTION AGAIN I AM DY!NG
870078626066202624,2021-12-24 23:58:50+00:00, ,1474530033851150338,en,0,0,0,29969,Twitter for iPhone,RT @cyankyber: watching the og spider-man thinking of this post https://t.co/V84ORKts5d
2832263120,2021-12-24 23:58:50+00:00, ,1474530033351868418,en,2,0,0,0,Twitter for iPhone,he wanted the ps5 to play spider-man üò≠üò≠ he‚Äôs so cute
1160602633801015296,2021-12-24 23:58:49+00:00, ,1474530032471187457,en,0,0,0,6253,Twitter for iPhone,RT @korysverse: the man is literally spider-man
1447415042010345476,2021-12-24 23:58:49+00:00, ,1474530031900659713,en,0,0,0,0,Twitter for iPhone,THE WAY HE SAID SPIDER-MAN IM SOBBJNG
1249856994124738562,2021-12-24 23:58:49+00:00, ,1474530030189527042,en,0,0,0,0,Twitter for iPhone,HE WANTS TO PLAY SPIDER-MAN OMG OMGONSOFNDIS
494694878,2021-12-24 23:58:49+00:00, ,1474530029996584963,en,0,0,0,13351,Twitter for iPhone,RT @Miles8341: ‚Äúspider-man isn‚Äôt bi‚Äù TO YOU. i know him personally
1148084398782201856,2021-12-24 23:58:49+00:00, ,1474530029899976705,en,2,0,0,0,Twitter for iPhone,he wants to play spider-man on the ps5 :(
1378784994831650816,2021-12-24 23:58:48+00:00, ,1474530028125769729,en,0,0,0,0,Twitter for iPhone,HES GONNA PLAY SPIDER-MAN LETS GO
2450893848,2021-12-24 23:58:48+00:00, ,1474530027547275265,en,0,0,0,0,Twitter for Android,@squeekzoid @TheRealJapan1 üòÇ The Mario area is really amazing. It took my breath away when I came out of the green pipe  The rides are fun too! Yoshi's Adventure is very calm. The Mario Kart has more thrills Not a rollercoaster at all. I'd say if you can Spider-Man  you'd be fine
1366325293133094914,2021-12-24 23:58:48+00:00, ,1474530026431270913,en,0,0,0,29969,Twitter Web App,RT @cyankyber: watching the og spider-man thinking of this post https://t.co/V84ORKts5d
826412300,2021-12-24 23:58:48+00:00, ,1474530025835745286,en,0,0,0,12677,Twitter for iPhone,RT @SMGold_: Spider-Man fans when they see Peter is living paycheck to paycheck  depressed  and at the lowest point in his life with no one‚Ä¶
820623833220648960,2021-12-24 23:58:47+00:00, ,1474530024300634113,en,0,0,0,9041,Twitter Web App,RT @modsiwW: Looks based on Spider-Man No Way Home villains :) https://t.co/mbtJkJacEk
1096201230093713408,2021-12-24 23:58:47+00:00, ,1474530023323308035,en,9,0,0,0,Twitter for iPhone,dream pls stream urself playing spider-man on the ps5 plsplsplsplsopskslspx
1258234932914249728,2021-12-24 23:58:47+00:00, ,1474530021670891523,en,0,0,0,0,Twitter for iPhone,SPIDER-MAN YEAHH
1384976979447984131,2021-12-24 23:58:46+00:00, ,1474530019053555713,en,7,0,1,0,Twitter for iPhone,nobody says she became known for spider-man stfu https://t.co/Q2uAmYphtH
1385739149634949130,2021-12-24 23:58:46+00:00, ,1474530018139197445,en,0,0,0,7071,Twitter for iPhone,RT @Itssan17: Like this tweet if you loved Andrew Garfield‚Äôs Spider-Man before No Way Home #MakeTASM3 https://t.co/SQhKBZ92Bs
1265296855962996737,2021-12-24 23:58:45+00:00, ,1474530015400321026,en,2,0,0,0,Twitter for iPhone,spider-man ps5 game is awesome
284390901,2021-12-24 23:58:45+00:00, ,1474530014590902281,en,0,0,0,2139,Twitter for Android,RT @BrandonDavisBD: Andrew Garfield should continue playing #SpiderMan in Sony's Spider-Man Universe.  Tom Holland should continue to be th‚Ä¶
29538562,2021-12-24 23:58:45+00:00, ,1474530013114417154,en,0,0,0,2,Twitter for iPhone,RT @tophcus: Why hasn‚Äôt there ever been a chubby Spider-Man!?!   Spiders aren‚Äôt skinny. They have dump truck asses filled with thousands of‚Ä¶
1386093063643156480,2021-12-24 23:58:45+00:00, ,1474530012972085248,en,27,0,0,2,Twitter for Android,„ÄéMarvel's Spider-Man: Miles Morales„Äè üéÑüéÖü¶åüéÅüåü #SpiderManMilesMorales #SpiderMan #virtualphotography #PBC„Ç≤„Éº„É†ÂÜôÁúüÈÉ® #TheCapturedCollective https://t.co/YrwuwCdKo8
1401603440619376640,2021-12-24 23:58:44+00:00, ,1474530012049166338,en,0,0,0,29969,Twitter for iPhone,RT @cyankyber: watching the og spider-man thinking of this post https://t.co/V84ORKts5d
800249554767474690,2021-12-24 23:58:44+00:00, ,1474530011973619712,en,0,0,0,13351,Twitter for iPhone,RT @Miles8341: ‚Äúspider-man isn‚Äôt bi‚Äù TO YOU. i know him personally
209754126,2021-12-24 23:58:44+00:00, ,1474530011168358404,en,0,0,0,1962,Twitter for Android,RT @UsagiYohimbo10: The ‚ÄúScorsese Vs Marvel‚Äù discourse is neverending and annoying  especially because 1) he wasn‚Äôt that harsh on them 2) h‚Ä¶
4832618321,2021-12-24 23:58:44+00:00, ,1474530010178461708,en,0,0,0,0,Twitter for iPhone,dreamie poo ur so cute and excited to play spider-man
1204199858166358016,2021-12-24 23:58:44+00:00, ,1474530009301733379,en,0,0,0,9,Twitter for Android,RT @Childish_Goblin: Spider-Man: Neogenic Nightmare https://t.co/8wmnzkZkL8
15135752,2021-12-24 23:58:43+00:00, ,1474530004470214659,en,3,0,2,3,Twitter Web App,üéµThen one frightful Christmas Eve To Mary Jane‚Äôs dismayüéµ  (AMAZING SPIDER-MAN #314  1989) https://t.co/4mXmTj1aVE
1205325998562119680,2021-12-24 23:58:42+00:00, ,1474530003144613896,en,0,0,0,9041,Twitter for Android,RT @modsiwW: Looks based on Spider-Man No Way Home villains :) https://t.co/mbtJkJacEk
1193670493439774720,2021-12-24 23:58:42+00:00, ,1474530002926514185,en,0,0,0,8823,Twitter for iPhone,RT @C4STAMERE: no bc tell me why i was just like ‚Äúwhy do black widow and spider-man have the same pose‚Äù THEYRE ARACHNIDS YOU FOOL
1315725947925155843,2021-12-24 23:58:42+00:00, ,1474530000208646151,en,0,0,0,0,Twitter for iPhone,@SharylAttkisson The newest Spider-Man movie is terrific!
15135752,2021-12-24 23:58:42+00:00, ,1474529999776477187,en,4,0,1,1,Twitter Web App,üéµThey could never be Santa Spreading guns  crime  cigarettes &amp; booze!üéµ  (PETER PARKER  THE SPECTACULAR SPIDER-MAN #112  1986) https://t.co/CjDaqCGBUS
927662503248760833,2021-12-24 23:58:41+00:00, ,1474529997595545604,en,3,0,0,0,Twitter for iPhone,DREAM STREAM SPIDER-MAN PLEASE
1371222133142134784,2021-12-24 23:58:40+00:00, ,1474529993392799747,en,0,0,0,0,Twitter for iPhone,HE WANTS TO PLAY SPIDER-MAN? AWH
1226884102017576966,2021-12-24 23:58:40+00:00, ,1474529992490905600,en,0,0,0,0,Twitter for iPhone,YES SPIDER-MAN GAME
1436502044483989623,2021-12-24 23:58:38+00:00, ,1474529986849689601,en,0,0,0,0,Twitter for iPhone,The way he said Spider-Man üò≠üò≠
1252492454588227596,2021-12-24 23:58:38+00:00, ,1474529985763422210,en,0,0,0,0,Twitter for iPhone,AHHH SPIDER-MAN
1040926062,2021-12-24 23:58:38+00:00, ,1474529985197232136,en,1,0,1,0,Twitter Web App,@imontheedgeofm1 im looking forward to spider-man but there were actually a lot of good movies that came out this year  sucks that people think just cause it was the one movie they actually gave a fuck about it automatically deserves a nom
16454070,2021-12-24 23:58:38+00:00, ,1474529984874229760,en,0,0,0,9041,Twitter for iPhone,RT @modsiwW: Looks based on Spider-Man No Way Home villains :) https://t.co/mbtJkJacEk
866672978,2021-12-24 23:58:38+00:00, ,1474529984471572481,en,0,0,0,0,Twitter for iPhone,Who was the best Spider-Man Toby Maguire  Andrew Garfield or Tom Holland?
2848720080,2021-12-24 23:58:37+00:00, ,1474529981443325953,en,0,0,0,69383,Twitter for iPhone,RT @sneerid: if anyone spoils spider-man for me i swear to god you will meet Uncle Ben
1360807916354342918,2021-12-24 23:58:37+00:00, ,1474529979551686658,en,0,0,0,1,Twitter Web App,RT @DarkTheEnigma: But his actual Alias in the comics is Spider-Man üò°üò°üò° https://t.co/n7Ut9Gv0uQ
2559772455,2021-12-24 23:58:36+00:00, ,1474529974459764741,en,0,0,0,2764,Twitter for iPhone,RT @BrandonDavisBD: Spider-Man: Miles From Home
1359153064565956614,2021-12-24 23:58:35+00:00, ,1474529974086516742,en,10,0,3,4,Twitter for Android,Anime fans should never touch Spider-Man. It's way too deep and complex for their pseudo intellectual asses
594123262,2021-12-24 23:58:35+00:00, ,1474529971209187329,en,0,0,0,12677,Twitter for iPhone,RT @SMGold_: Spider-Man fans when they see Peter is living paycheck to paycheck  depressed  and at the lowest point in his life with no one‚Ä¶
1334680893739290624,2021-12-24 23:58:34+00:00, ,1474529970047254529,en,0,0,0,12,Twitter for iPhone,RT @augstop: SPIDER-MAN TAS EPISODE 46  One of the most memorable DID scene of the series the incredible part is that even when she is gagg‚Ä¶
2181562421,2021-12-24 23:58:33+00:00, ,1474529965597241354,en,10,3,1,0,Twitter for iPhone,I wanna watch Spider-Man again Lmfaoooo
2605598427,2021-12-24 23:58:33+00:00, ,1474529964355727365,en,0,0,0,8823,Twitter for Android,RT @C4STAMERE: no bc tell me why i was just like ‚Äúwhy do black widow and spider-man have the same pose‚Äù THEYRE ARACHNIDS YOU FOOL
1316770422956974080,2021-12-24 23:58:33+00:00, ,1474529964263448580,en,0,0,0,29969,Twitter for iPhone,RT @cyankyber: watching the og spider-man thinking of this post https://t.co/V84ORKts5d
1269380974284070913,2021-12-24 23:58:33+00:00, ,1474529963915186179,en,4,0,1,0,Twitter for iPhone,he wants to play spider-man on the PS5!
1391639078924345347,2021-12-24 23:58:33+00:00, ,1474529962694778881,en,0,0,0,0,PlayStation¬ÆNetwork,Marvel's Spider-Man: Miles Morales Mod that Suit (BRONZE) #PlayStationTrophy #PS5Share  #MarvelsSpiderManMilesMorales #PS5 https://t.co/1ynfSAaLCp
261923909,2021-12-24 23:58:33+00:00, ,1474529962694627328,en,1,0,2,0,Twitter Web App,Unreal! Spider-man is COYS! @OsakaBenLeo   https://t.co/PXjKPBoFKC
778151878030917632,2021-12-24 23:58:32+00:00, ,1474529961428099077,en,0,0,0,3057,Twitter for iPhone,RT @05_Cyan: Andrew really captures the voice and essence that I think of when I think of Spider-man.
1434268667118764038,2021-12-24 23:58:32+00:00, ,1474529961381961728,en,0,0,0,29969,Twitter for Android,RT @cyankyber: watching the og spider-man thinking of this post https://t.co/V84ORKts5d
516865312,2021-12-24 23:58:32+00:00, ,1474529959402221577,en,0,0,0,706,Twitter Web App,RT @38___sr: ready to welcome 2022 with a new adventure  i am so excited (and still in incredible shock) to share that starting in january‚Ä¶
716509447682596864,2021-12-24 23:58:32+00:00, ,1474529959318151168,en,1,0,0,0,Twitter for Android,I really really wanna go see Spider-Man  I've been spoiled way too much at this point lol
1258173087360712705,2021-12-24 23:58:31+00:00, ,1474529956910841859,en,0,0,0,1005,Twitter for iPhone,RT @tasmarchive: the amazing spider-man 2 (2014) https://t.co/5FNcyF01oN
3196856569,2021-12-24 23:58:31+00:00, ,1474529954360479749,en,0,0,0,8,Twitter for iPhone,RT @dlnt: ‚ÄòThe Amazing Spider-Man 3‚Äô Trends Online as Fans Demand a Third Movie for Andrew Garfield  https://t.co/d63JjLixom
958525597927518211,2021-12-24 23:58:29+00:00, ,1474529948559986693,en,0,0,0,29969,Twitter Web App,RT @cyankyber: watching the og spider-man thinking of this post https://t.co/V84ORKts5d
1017204246255751169,2021-12-24 23:58:29+00:00, ,1474529947444301824,en,0,0,0,0,Twitter for Android,@uDon_Draper @HueyLouieAndDuy Keep in mind  I do genuinely love McDonald's. I williningly eat there. But yeah  I like the MCU  they make good movies  but they don't need an Oscar nom outside of a couple technical awards. Spider-Man is about to make a billion dollars. You guys won. It's fine
1309279905167876099,2021-12-24 23:58:27+00:00, ,1474529938732683270,en,0,0,0,8823,Twitter for Android,RT @C4STAMERE: no bc tell me why i was just like ‚Äúwhy do black widow and spider-man have the same pose‚Äù THEYRE ARACHNIDS YOU FOOL
1266501803920756741,2021-12-24 23:58:27+00:00, ,1474529938019659777,en,1,0,0,0,Twitter for iPhone,spider-man turn off the dark not being on apple music is EVIL
1214385012176564225,2021-12-24 23:58:25+00:00, ,1474529929765216259,en,0,0,0,13351,Twitter Web App,RT @Miles8341: ‚Äúspider-man isn‚Äôt bi‚Äù TO YOU. i know him personally
1388575052,2021-12-24 23:58:25+00:00, ,1474529929219948545,en,0,0,0,7071,Twitter for iPhone,RT @Itssan17: Like this tweet if you loved Andrew Garfield‚Äôs Spider-Man before No Way Home #MakeTASM3 https://t.co/SQhKBZ92Bs
748079367339806720,2021-12-24 23:58:25+00:00, ,1474529929161285635,en,0,0,0,697,Twitter for Android,RT @spideygifs: Spider-Man 3 https://t.co/X3XrStJUv1
1936590528,2021-12-24 23:58:24+00:00, ,1474529926803951617,en,1,0,1,0,Twitter for iPhone,Spider-Man 3 is better than at least half of the MCU filmography https://t.co/0AlmwM8jtO
2895389262,2021-12-24 23:58:24+00:00, ,1474529926003175426,en,1,0,0,0,Twitter for iPhone,@nonyognu Your Friendly Neighborhood Spider-Manüòâ‚ú®
1096077697,2021-12-24 23:58:23+00:00, ,1474529923603783686,en,0,0,1,0,Twitter for iPhone,@ohokaysuree @IndyArts What‚Äôs wrong with cgi? Do you expect Spider-Man to swing around the city for real?
951310676248547328,2021-12-24 23:58:23+00:00, ,1474529920147615746,en,0,0,0,9041,Twitter for iPhone,RT @modsiwW: Looks based on Spider-Man No Way Home villains :) https://t.co/mbtJkJacEk
1682147384,2021-12-24 23:58:22+00:00, ,1474529919879290881,en,0,0,0,8823,Twitter for iPhone,RT @C4STAMERE: no bc tell me why i was just like ‚Äúwhy do black widow and spider-man have the same pose‚Äù THEYRE ARACHNIDS YOU FOOL
1266104793820532738,2021-12-24 23:58:22+00:00, ,1474529919304617987,en,0,0,0,1,Twitter for Android,RT @Yukidama_snow: We need another Amazing Spider-Man #MakeTASM3 https://t.co/Elteboa9Jt
170309993,2021-12-24 23:58:21+00:00, ,1474529915299053575,en,0,0,0,394,Twitter for iPhone,RT @JILexander: And this is why Andrew Garfield the best Spider-Man‚Ä¶ https://t.co/F62y2haLvK
1347171177576468482,2021-12-24 23:58:21+00:00, ,1474529914506432512,en,0,0,0,2764,Twitter Web App,RT @BrandonDavisBD: Spider-Man: Miles From Home
3823694620,2021-12-24 23:58:21+00:00, ,1474529914388979721,en,0,0,0,1198,Twitter for iPhone,RT @Nasdorachi: You're saying you DON'T enjoy a theater experience like this??  but the raw energy though! lmao.  Old footage from Endgame‚Ä¶
3856746562,2021-12-24 23:58:21+00:00, ,1474529911536824326,en,0,0,0,9041,Twitter Web App,RT @modsiwW: Looks based on Spider-Man No Way Home villains :) https://t.co/mbtJkJacEk
842131120015708161,2021-12-24 23:58:20+00:00, ,1474529910878355456,en,0,0,0,4,Twitter Web App,RT @blurayangel: Daredevil and Spider-Man #SpiderManNoWayHome https://t.co/bHGmhVHH8f
863915040012869632,2021-12-24 23:58:20+00:00, ,1474529908713951233,en,0,0,0,29969,Twitter for Android,RT @cyankyber: watching the og spider-man thinking of this post https://t.co/V84ORKts5d
1472392075366866946,2021-12-24 23:58:20+00:00, ,1474529907346653188,en,0,0,0,43,Twitter for Android,RT @matty_smoove: NO WAY HOME SPOILERS - - - You can‚Äôt tell me that this suit doesn‚Äôt look AMAZING and very comic accurate! It reminds me o‚Ä¶
1291138252707999744,2021-12-24 23:58:19+00:00, ,1474529904850919424,en,0,0,0,29969,Twitter for Android,RT @cyankyber: watching the og spider-man thinking of this post https://t.co/V84ORKts5d
1131933649530699776,2021-12-24 23:58:18+00:00, ,1474529900958728193,en,0,0,0,3544,Twitter for iPhone,RT @LeCinephiles: BREAKING: Martin Scorsese to direct ‚ÄòSPIDER-MAN 4‚Äô for Marvel Studios and Sony Pictures.  The filmmaker remarked  ‚ÄúI hear‚Ä¶
2353639628,2021-12-24 23:58:18+00:00, ,1474529899264233472,en,2,0,0,0,Twitter Web App,Went straight from Spider-Man movie to Christmas Eve church service. What a time to be alive
952306954873049090,2021-12-24 23:58:17+00:00, ,1474529898215714822,en,0,0,0,7071,Twitter for Android,RT @Itssan17: Like this tweet if you loved Andrew Garfield‚Äôs Spider-Man before No Way Home #MakeTASM3 https://t.co/SQhKBZ92Bs
3307415418,2021-12-24 23:58:17+00:00, ,1474529896890253314,en,0,0,0,12,Twitter for iPhone,RT @ITSYOBOITOM1: Seems people are confused about Sony's Netflix and D+ deal so I'll clear it up NWH is NOT part of the Netflix deal that o‚Ä¶
175453622,2021-12-24 23:58:17+00:00, ,1474529895694876683,en,0,0,0,7426,Twitter for iPhone,RT @TheDoctorX11: Sam Raimi after dropping Spider-man 3 https://t.co/QkbgJ4ecnM
1024101364736000001,2021-12-24 23:58:15+00:00, ,1474529888753176578,en,0,0,0,12677,Twitter for iPhone,RT @SMGold_: Spider-Man fans when they see Peter is living paycheck to paycheck  depressed  and at the lowest point in his life with no one‚Ä¶
1267948503793270790,2021-12-24 23:58:15+00:00, ,1474529888602312704,en,0,0,0,697,Twitter for Android,RT @spideygifs: Spider-Man 3 https://t.co/X3XrStJUv1
482435001,2021-12-24 23:58:15+00:00, ,1474529888539492353,en,0,0,0,0,Twitter for iPhone,I‚Äôd freak out for exactly 10 seconds before I was up on the roof to try swinging from a web (I assume it‚Äôs Tobey Maguire‚Äôs Spider-Man powers and I don‚Äôt actually have to build web shooters or develop web fluid) https://t.co/hEtby6RM6j
1624266739,2021-12-24 23:58:15+00:00, ,1474529888434536448,en,0,0,0,13,Twitter for iPhone,RT @GeekVibesNation: Jon Bernthal's PUNISHER Wanted For The Next 'SPIDER-MAN' Film? https://t.co/Sg0W9MrYaO #ThePunisher #SpiderMan https:/‚Ä¶
1181704939254534149,2021-12-24 23:58:14+00:00, ,1474529884689031173,en,0,0,0,12677,Twitter for Android,RT @SMGold_: Spider-Man fans when they see Peter is living paycheck to paycheck  depressed  and at the lowest point in his life with no one‚Ä¶
1102085854107963398,2021-12-24 23:58:13+00:00, ,1474529881581105158,en,0,0,0,3544,Twitter for Android,RT @LeCinephiles: BREAKING: Martin Scorsese to direct ‚ÄòSPIDER-MAN 4‚Äô for Marvel Studios and Sony Pictures.  The filmmaker remarked  ‚ÄúI hear‚Ä¶
1140920004,2021-12-24 23:58:13+00:00, ,1474529880444477444,en,1,0,0,0,Twitter for iPhone,Tobey Maguire Spider-Man will always be no1 in my heart  #SpiderManNoWayHome
324395954,2021-12-24 23:58:13+00:00, ,1474529879802580997,en,0,0,0,8823,Twitter for iPhone,RT @C4STAMERE: no bc tell me why i was just like ‚Äúwhy do black widow and spider-man have the same pose‚Äù THEYRE ARACHNIDS YOU FOOL
1145094858207563780,2021-12-24 23:58:13+00:00, ,1474529879618162689,en,0,0,0,9041,Twitter for iPhone,RT @modsiwW: Looks based on Spider-Man No Way Home villains :) https://t.co/mbtJkJacEk
author id,created_at,geo,id,lang,like_count,quote_count,reply_count,retweet_count,source,tweet
872224558383869958,2021-12-24 23:59:59+00:00, ,1474530326546366475,en,0,0,0,30125,Twitter for iPhone,RT @cyankyber: watching the og spider-man thinking of this post https://t.co/V84ORKts5d
1389378526286057474,2021-12-24 23:59:59+00:00, ,1474530325917229061,en,0,0,0,30125,Twitter for Android,RT @cyankyber: watching the og spider-man thinking of this post https://t.co/V84ORKts5d
1281408417782018048,2021-12-24 23:59:59+00:00, ,1474530324168253441,en,0,0,0,340,Twitter for iPhone,RT @therealsupes: Playing Marvel‚Äôs Spider-Man hits so much different after watching #SpiderManNoWayHome
1020441742531842049,2021-12-24 23:59:59+00:00, ,1474530324042371076,en,0,0,0,1965,Twitter for iPhone,RT @UsagiYohimbo10: The ‚ÄúScorsese Vs Marvel‚Äù discourse is neverending and annoying  especially because 1) he wasn‚Äôt that harsh on them 2) h‚Ä¶
2380425654,2021-12-24 23:59:59+00:00, ,1474530323941580801,en,0,0,0,3614,Twitter for Android,RT @BorkEternal: Sam Raimi‚Äôs             Sam Raimi‚Äôs Spider-Man           Doctor Strange https://t.co/D1O2j6V9CV
715896877,2021-12-24 23:59:59+00:00, ,1474530323530719232,en,0,0,0,30125,Twitter for iPhone,RT @cyankyber: watching the og spider-man thinking of this post https://t.co/V84ORKts5d
1459376722244112387,2021-12-24 23:59:59+00:00, ,1474530323027292162,en,5,0,0,0,Twitter for iPhone,Dream likes Spider-Man god we are so alike
1461506807164293125,2021-12-24 23:59:58+00:00, ,1474530320854749188,en,0,0,0,12681,Twitter for iPhone,RT @SMGold_: Spider-Man fans when they see Peter is living paycheck to paycheck  depressed  and at the lowest point in his life with no one‚Ä¶
343244734,2021-12-24 23:59:57+00:00, ,1474530315649626115,en,4,0,0,0,Twitter for iPhone,@itslondonbaby2 Spider-Man 2 or this most recent one üòô
587204559,2021-12-24 23:59:56+00:00, ,1474530313497980929,en,0,0,0,0,Twitter for iPhone,Person who just watched the 18th version of the same Spider-Man movie: ‚Äú Martin Scorsese just keeps making the same movie over and over again‚Äù ü§£
1210373487484948480,2021-12-24 23:59:56+00:00, ,1474530312168292355,en,0,0,0,13359,Twitter for iPhone,RT @Miles8341: ‚Äúspider-man isn‚Äôt bi‚Äù TO YOU. i know him personally
1163030472647159808,2021-12-24 23:59:55+00:00, ,1474530309567827968,en,0,0,0,9057,Twitter for iPhone,RT @modsiwW: Looks based on Spider-Man No Way Home villains :) https://t.co/mbtJkJacEk
911025316402835457,2021-12-24 23:59:55+00:00, ,1474530307768348673,en,0,0,0,12681,Twitter for Android,RT @SMGold_: Spider-Man fans when they see Peter is living paycheck to paycheck  depressed  and at the lowest point in his life with no one‚Ä¶
2591017267,2021-12-24 23:59:55+00:00, ,1474530306849914883,en,0,0,0,9057,Twitter for iPhone,RT @modsiwW: Looks based on Spider-Man No Way Home villains :) https://t.co/mbtJkJacEk
1289582245297164288,2021-12-24 23:59:55+00:00, ,1474530306132693005,en,0,0,0,13359,Twitter Web App,RT @Miles8341: ‚Äúspider-man isn‚Äôt bi‚Äù TO YOU. i know him personally
1284955387620458496,2021-12-24 23:59:54+00:00, ,1474530304828350464,en,0,0,0,30125,Twitter for Android,RT @cyankyber: watching the og spider-man thinking of this post https://t.co/V84ORKts5d
1324275582792691712,2021-12-24 23:59:54+00:00, ,1474530304782004224,en,0,0,0,0,Twitter Web App,HE HAS THE PS5 FOR SPIDER-MAN I CANT TAKE IT ANYMORE /pos
1093462034,2021-12-24 23:59:53+00:00, ,1474530300831178756,en,0,0,0,12681,Twitter for iPhone,RT @SMGold_: Spider-Man fans when they see Peter is living paycheck to paycheck  depressed  and at the lowest point in his life with no one‚Ä¶
2733776410,2021-12-24 23:59:53+00:00, ,1474530299786764292,en,0,0,0,742,Twitter for Android,RT @Cybrid101: WHY HASN‚ÄôT THIS SUIT BEEN ADDED TO SPIDER-MAN PS4/PS5 YET?? @insomniacgames https://t.co/6IjTYFmkz9
91026663,2021-12-24 23:59:53+00:00, ,1474530298792751110,en,0,0,0,11,Twitter for iPhone,RT @PinkNews: Spider-Man's Marisa Tomei begged Marvel to give Aunt May a girlfriend https://t.co/mJs0aBmBni
350930442,2021-12-24 23:59:52+00:00, ,1474530297186340866,en,0,0,0,967,Twitter for iPhone,RT @hpspideywayne: spider-man no way home spoilers . . . . . . This Spider-Man's dark side gives me chills. Tom Holland's acting was outsta‚Ä¶
786640961724088321,2021-12-24 23:59:52+00:00, ,1474530295764377600,en,0,0,0,448,Twitter for Android,RT @barbiesswanlake: this gwen stacy figure with a swappable mary jane head is literally how cishet guys view spider-man love interests htt‚Ä¶
1649273581,2021-12-24 23:59:52+00:00, ,1474530295433121797,en,0,0,0,6303,Twitter for Android,RT @korysverse: the man is literally spider-man
843432676812079108,2021-12-24 23:59:51+00:00, ,1474530292614549505,en,3,0,0,0,Twitter for iPhone,if they add tobey and andrews spider-man to fortnite i will cry and spend every last penny
1422190666793242627,2021-12-24 23:59:51+00:00, ,1474530289368145920,en,0,0,0,9057,Twitter for iPhone,RT @modsiwW: Looks based on Spider-Man No Way Home villains :) https://t.co/mbtJkJacEk
1402778388830556162,2021-12-24 23:59:50+00:00, ,1474530287187116040,en,0,0,0,410,Twitter for iPhone,RT @spideypooldiary: the spider-man and deadpool holiday special üéÑüéÅ https://t.co/WzlyvhSpAh
1195866744469852161,2021-12-24 23:59:49+00:00, ,1474530280832520194,en,0,0,0,9057,Twitter for iPhone,RT @modsiwW: Looks based on Spider-Man No Way Home villains :) https://t.co/mbtJkJacEk
1431400392185712643,2021-12-24 23:59:48+00:00, ,1474530279976931328,en,0,0,0,697,Twitter Web App,RT @spideygifs: Spider-Man 3 https://t.co/X3XrStJUv1
1158601231239188481,2021-12-24 23:59:48+00:00, ,1474530278202769409,en,0,0,0,13359,Twitter for iPhone,RT @Miles8341: ‚Äúspider-man isn‚Äôt bi‚Äù TO YOU. i know him personally
2149066484,2021-12-24 23:59:47+00:00, ,1474530274738200578,en,0,0,0,30125,Twitter for iPhone,RT @cyankyber: watching the og spider-man thinking of this post https://t.co/V84ORKts5d
3064020388,2021-12-24 23:59:47+00:00, ,1474530273194917888,en,0,0,0,30125,Twitter for Android,RT @cyankyber: watching the og spider-man thinking of this post https://t.co/V84ORKts5d
1354989703246852101,2021-12-24 23:59:46+00:00, ,1474530272037249027,en,0,0,0,30125,Twitter for iPhone,RT @cyankyber: watching the og spider-man thinking of this post https://t.co/V84ORKts5d
1328571621502750720,2021-12-24 23:59:46+00:00, ,1474530269663219715,en,1,0,1,0,Twitter for iPhone,dream gonna play spider-man on his ps5 my breath is getting faint
1449189713814884354,2021-12-24 23:59:46+00:00, ,1474530268274851843,en,0,0,0,707,Twitter for Android,RT @38___sr: ready to welcome 2022 with a new adventure  i am so excited (and still in incredible shock) to share that starting in january‚Ä¶
1372799891278233601,2021-12-24 23:59:45+00:00, ,1474530266383368193,en,0,0,0,508,Twitter for iPhone,RT @CarsonRThorn: doodling spider-man https://t.co/BfrHeR2nRc
2288847752,2021-12-24 23:59:45+00:00, ,1474530265632493571,en,0,0,0,707,Twitter for iPhone,RT @38___sr: ready to welcome 2022 with a new adventure  i am so excited (and still in incredible shock) to share that starting in january‚Ä¶
328810471,2021-12-24 23:59:45+00:00, ,1474530264571281408,en,1,0,0,0,Twitter for iPhone,@SamuelGavin I wanna say the establishing shot of his apartment is lifted directly from Spider-Man 2. And for clarity‚Äôs sake  it was the homemade suit that got me jazzed for more of this Spider-Man. It was like they finally understood what makes the best of his stories sing.
883017906,2021-12-24 23:59:44+00:00,67b98f17fdcf20be,1474530262927253505,en,0,0,0,0,Twitter for iPhone,BEST SPIDER-MAN MOVIE HANDS DOWN
814238245286383616,2021-12-24 23:59:44+00:00, ,1474530262511804416,en,0,0,0,8846,Twitter Web App,RT @C4STAMERE: no bc tell me why i was just like ‚Äúwhy do black widow and spider-man have the same pose‚Äù THEYRE ARACHNIDS YOU FOOL
1351737100471824384,2021-12-24 23:59:44+00:00, ,1474530262092587016,en,0,0,0,13359,Twitter for Android,RT @Miles8341: ‚Äúspider-man isn‚Äôt bi‚Äù TO YOU. i know him personally
3358166548,2021-12-24 23:59:44+00:00, ,1474530261484331016,en,0,0,0,25,Twitter for iPhone,RT @awkwardphaser: Maybe I'll name my penis Spider-Man so at least one person will demand more pictures of it.
4782475932,2021-12-24 23:59:44+00:00, ,1474530260548866048,en,0,0,0,8846,Twitter for Android,RT @C4STAMERE: no bc tell me why i was just like ‚Äúwhy do black widow and spider-man have the same pose‚Äù THEYRE ARACHNIDS YOU FOOL
1435034547628957702,2021-12-24 23:59:44+00:00, ,1474530260314120198,en,0,0,0,0,Twitter for iPhone,spider-man was the best play station games of all time
904308695277953029,2021-12-24 23:59:43+00:00, ,1474530257281638403,en,0,0,0,12681,Twitter for iPhone,RT @SMGold_: Spider-Man fans when they see Peter is living paycheck to paycheck  depressed  and at the lowest point in his life with no one‚Ä¶
4145629289,2021-12-24 23:59:43+00:00, ,1474530256929406987,en,0,0,0,30125,Twitter for iPhone,RT @cyankyber: watching the og spider-man thinking of this post https://t.co/V84ORKts5d
801830631701434368,2021-12-24 23:59:43+00:00, ,1474530256845422593,en,0,0,0,3,Twitter for iPhone,RT @AGORAPHOBICSAP: #DREAM: what are you gonna play on the ps5 ? SPIDER-MAN &gt;:) HES SO CUTE IM IN TEARS
2745564437,2021-12-24 23:59:43+00:00, ,1474530256837033984,en,0,0,0,9057,Twitter for iPhone,RT @modsiwW: Looks based on Spider-Man No Way Home villains :) https://t.co/mbtJkJacEk
742176710183899136,2021-12-24 23:59:43+00:00, ,1474530256627257348,en,0,0,0,13359,Twitter for Android,RT @Miles8341: ‚Äúspider-man isn‚Äôt bi‚Äù TO YOU. i know him personally
1217492352023060481,2021-12-24 23:59:43+00:00, ,1474530256069537799,en,0,0,0,656,Twitter for iPhone,RT @Robertvrse: spider-man after getting home idk i didn‚Äôt watch the movie  https://t.co/pZr1qGHN5s
1196288555514941440,2021-12-24 23:59:42+00:00, ,1474530253565353985,en,0,0,0,12681,Twitter for Android,RT @SMGold_: Spider-Man fans when they see Peter is living paycheck to paycheck  depressed  and at the lowest point in his life with no one‚Ä¶
907138981204303872,2021-12-24 23:59:42+00:00, ,1474530253498421248,en,0,0,0,6303,Twitter for iPhone,RT @korysverse: the man is literally spider-man
143130977,2021-12-24 23:59:41+00:00, ,1474530248142299138,en,0,0,0,0,Twitter for iPhone,Finally seeing Spider-Man. Can‚Äôt wait to see my Andrew :((((
881936667308945410,2021-12-24 23:59:40+00:00, ,1474530245394972675,en,0,0,0,9057,Twitter for Android,RT @modsiwW: Looks based on Spider-Man No Way Home villains :) https://t.co/mbtJkJacEk
1250811312340426752,2021-12-24 23:59:40+00:00, ,1474530243411124230,en,0,0,0,9057,Twitter Web App,RT @modsiwW: Looks based on Spider-Man No Way Home villains :) https://t.co/mbtJkJacEk
1231760803541417984,2021-12-24 23:59:39+00:00, ,1474530241909567497,en,0,0,0,9057,Twitter for iPhone,RT @modsiwW: Looks based on Spider-Man No Way Home villains :) https://t.co/mbtJkJacEk
1143732700018171904,2021-12-24 23:59:39+00:00, ,1474530239439011843,en,0,0,0,0,Twitter for iPhone,i need to know which spider-man is dream‚Äôs favorite
798572230754107392,2021-12-24 23:59:39+00:00, ,1474530239082639363,en,0,0,0,2145,Twitter for Android,RT @BrandonDavisBD: Andrew Garfield should continue playing #SpiderMan in Sony's Spider-Man Universe.  Tom Holland should continue to be th‚Ä¶
863087637095120896,2021-12-24 23:59:38+00:00, ,1474530237727789056,en,0,0,0,0,Twitter for iPhone,spider-man dream ü•∞
1339629420026490880,2021-12-24 23:59:38+00:00, ,1474530237098741764,en,0,0,0,4988,Twitter for Android,RT @JDWRudy25: Reminder: this is a real crossfade from the first episode of the '60s Spider-Man cartoon https://t.co/EdwWoEbvdG
397616238,2021-12-24 23:59:38+00:00, ,1474530236989644803,en,3,0,0,0,Twitter for iPhone,SPIDER-MAN WAS SOOOO GOOD THX
1347942974882263041,2021-12-24 23:59:38+00:00, ,1474530236259872768,en,1,0,0,0,Twitter Web App,the spider-man ps game is genuiinely so fucking good  its one of the only one's ive 100% completed
989929546756444161,2021-12-24 23:59:38+00:00, ,1474530234988994567,en,0,0,0,9057,Twitter for Android,RT @modsiwW: Looks based on Spider-Man No Way Home villains :) https://t.co/mbtJkJacEk
995429806849146881,2021-12-24 23:59:38+00:00, ,1474530234615611405,en,0,0,0,7426,Twitter for Android,RT @TheDoctorX11: Sam Raimi after dropping Spider-man 3 https://t.co/QkbgJ4ecnM
2811435406,2021-12-24 23:59:37+00:00, ,1474530233525153798,en,0,0,0,12681,Twitter for iPhone,RT @SMGold_: Spider-Man fans when they see Peter is living paycheck to paycheck  depressed  and at the lowest point in his life with no one‚Ä¶
118061340,2021-12-24 23:59:37+00:00, ,1474530232115757058,en,0,0,0,101,Twitter for Android,RT @Prxm02257484: @BrandonDavisBD Yeah  I'll do you one better.  Spider-Man: kilometres from Home https://t.co/UBXApR16qM
1342193597311946752,2021-12-24 23:59:36+00:00, ,1474530230174121984,en,0,0,0,9057,Twitter for Android,RT @modsiwW: Looks based on Spider-Man No Way Home villains :) https://t.co/mbtJkJacEk
572059357,2021-12-24 23:59:36+00:00, ,1474530227850252293,en,0,0,0,0,Twitter for iPhone,Spider-Man no way home‚Ä¶ was  amazing. üé•  #SpiderManNoWayHome
3098503472,2021-12-24 23:59:36+00:00, ,1474530227682435076,en,0,0,0,12681,Twitter for iPhone,RT @SMGold_: Spider-Man fans when they see Peter is living paycheck to paycheck  depressed  and at the lowest point in his life with no one‚Ä¶
856113708724105216,2021-12-24 23:59:35+00:00, ,1474530225832841217,en,0,0,0,4581,Twitter for iPhone,RT @isuperebba: what a fucking year for marvel - WandaVision - Falcon and the Winter Soldier - Black Widow - Loki - What If - Shang Chi - V‚Ä¶
533184362,2021-12-24 23:59:35+00:00, ,1474530224125755396,en,0,0,0,12681,Twitter for iPhone,RT @SMGold_: Spider-Man fans when they see Peter is living paycheck to paycheck  depressed  and at the lowest point in his life with no one‚Ä¶
861188310894555136,2021-12-24 23:59:35+00:00, ,1474530223593082880,en,0,0,0,6303,Twitter for Android,RT @korysverse: the man is literally spider-man
173227016,2021-12-24 23:59:34+00:00, ,1474530221122412545,en,0,0,0,9057,Twitter for iPhone,RT @modsiwW: Looks based on Spider-Man No Way Home villains :) https://t.co/mbtJkJacEk
1097242223333257227,2021-12-24 23:59:34+00:00, ,1474530217846784008,en,0,0,0,6106,Twitter Web App,RT @garffields: andrew garfield as spider-man you will always be famous! https://t.co/WRXAkhkPFr
1161660596598771715,2021-12-24 23:59:33+00:00, ,1474530217309974530,en,0,0,0,13359,Twitter for iPhone,RT @Miles8341: ‚Äúspider-man isn‚Äôt bi‚Äù TO YOU. i know him personally
391049231,2021-12-24 23:59:33+00:00, ,1474530217188282372,en,0,0,0,12681,Twitter for iPhone,RT @SMGold_: Spider-Man fans when they see Peter is living paycheck to paycheck  depressed  and at the lowest point in his life with no one‚Ä¶
16736628,2021-12-24 23:59:33+00:00, ,1474530214717886473,en,0,0,0,0,Twitter for Android,@neontaster Spiderman No Way Home hit a surprising balance of fan service and a decent story I was afraid it would be Spider-Man 3 all over again
789273638633472001,2021-12-24 23:59:32+00:00, ,1474530213388341252,en,4,0,1,0,Twitter Web App,@DarkTheEnigma Nobody says white Spider-Man. Peter is Spider-man.
1381256102554316800,2021-12-24 23:59:32+00:00, ,1474530211584610308,en,0,0,0,30125,Twitter for Android,RT @cyankyber: watching the og spider-man thinking of this post https://t.co/V84ORKts5d
1428384436941373441,2021-12-24 23:59:32+00:00, ,1474530210976518151,en,0,0,0,2773,Twitter for iPhone,RT @BrandonDavisBD: Spider-Man: Miles From Home
777079460,2021-12-24 23:59:32+00:00, ,1474530210364198917,en,0,0,0,30125,Twitter for iPhone,RT @cyankyber: watching the og spider-man thinking of this post https://t.co/V84ORKts5d
1170121274615574529,2021-12-24 23:59:31+00:00, ,1474530209240080384,en,1,0,0,0,Twitter for Android,i don't want i NEED a Spider-Man PS4 dream playthrough
287960212,2021-12-24 23:59:31+00:00, ,1474530208929787906,en,0,0,0,0,Twitter for iPhone,I really REALLY hate y‚Äôall and these damn Spider-Man spoilers
1179916765654069248,2021-12-24 23:59:31+00:00, ,1474530208866881536,en,0,0,0,30125,Twitter for iPhone,RT @cyankyber: watching the og spider-man thinking of this post https://t.co/V84ORKts5d
750017058,2021-12-24 23:59:30+00:00, ,1474530201115713537,en,0,0,0,8846,Twitter for iPhone,RT @C4STAMERE: no bc tell me why i was just like ‚Äúwhy do black widow and spider-man have the same pose‚Äù THEYRE ARACHNIDS YOU FOOL
364664350,2021-12-24 23:59:30+00:00,10045f6eef169000,1474530201006657536,en,8,0,2,0,Twitter for iPhone,Spending the holidays alone BUT IM FINALLY ABOUT TO WATCH SPIDER-MAN LFGGGGG
955033574784274432,2021-12-24 23:59:29+00:00, ,1474530200084000771,en,0,0,0,1296,Twitter Web App,RT @ursRockrider: Evolution of @TomHolland1996 Spider-Man in the MCU!   Presenting my new poster work on this special day  by only using @i‚Ä¶
4864501036,2021-12-24 23:59:29+00:00, ,1474530197307330560,en,0,0,0,30125,Twitter for Android,RT @cyankyber: watching the og spider-man thinking of this post https://t.co/V84ORKts5d
1280325557360758785,2021-12-24 23:59:28+00:00, ,1474530194513805316,en,0,0,0,456,Twitter Web App,RT @m_giacchino: Wow! This is fantastic! Thank you and  long live Spider-Man!  @SpiderMan @MarvelStudios
1330966568553959430,2021-12-24 23:59:28+00:00, ,1474530193867902977,en,1,0,0,0,Twitter for iPhone,i cant believe i‚Äôm really gonna finish the tobey spider-man trilogy today ????? woah????
1324428743906107393,2021-12-24 23:59:28+00:00, ,1474530192731389959,en,0,0,0,3,Twitter for iPhone,RT @AGORAPHOBICSAP: #DREAM: what are you gonna play on the ps5 ? SPIDER-MAN &gt;:) HES SO CUTE IM IN TEARS
4707323660,2021-12-24 23:59:27+00:00, ,1474530191817031682,en,0,0,0,4988,Twitter for Android,RT @JDWRudy25: Reminder: this is a real crossfade from the first episode of the '60s Spider-Man cartoon https://t.co/EdwWoEbvdG
1255191181497176069,2021-12-24 23:59:27+00:00, ,1474530191221444617,en,0,0,0,13359,Twitter for Android,RT @Miles8341: ‚Äúspider-man isn‚Äôt bi‚Äù TO YOU. i know him personally
1434983441662099459,2021-12-24 23:59:27+00:00, ,1474530190315474946,en,3,0,0,0,Twitter for iPhone,this is still possibly the worst live action design for a spider-man villain ever it‚Äôs so bad https://t.co/eS2tbiBm5B
1380699528718860290,2021-12-24 23:59:26+00:00, ,1474530184590245906,en,14,0,2,0,Twitter for iPhone,Spider-Man  got your answer now Tripi  it wasn‚Äôt minecraft after all https://t.co/JpCWPKy4Ch
1242979265089429505,2021-12-24 23:59:25+00:00, ,1474530180488126471,en,0,0,0,9057,Twitter for iPhone,RT @modsiwW: Looks based on Spider-Man No Way Home villains :) https://t.co/mbtJkJacEk
742193010197155840,2021-12-24 23:59:24+00:00, ,1474530179531743237,en,0,0,0,12681,Twitter for iPhone,RT @SMGold_: Spider-Man fans when they see Peter is living paycheck to paycheck  depressed  and at the lowest point in his life with no one‚Ä¶
1411898970591449088,2021-12-24 23:59:24+00:00, ,1474530179062149120,en,0,0,0,0,Twitter for iPhone,IM LITERALLY PLAYING SPIDER-MAN RN. PROOF THE WORLD REVOLVES AROUND ME. https://t.co/cUwz6Py48Q
884786098806939649,2021-12-24 23:59:24+00:00, ,1474530178302885888,en,0,0,0,13359,Twitter for Android,RT @Miles8341: ‚Äúspider-man isn‚Äôt bi‚Äù TO YOU. i know him personally
